round,slice,frame,object_ref,cell,what,why,severity,owner,rule_id,evidence,action,rules_version,note
calib,C0,adasind_019560.jpg,L3+R5,na,BOX_GEOMETRY,E1_annotator_error,P1,annotator,R02;R04,submission/p1_calib/compare.html; adasind_019560 x≈325-460 y≈720-850,keep_with_reason,v1.0.0,"Xe đỏ đỗ lề là xích lô/xe ba bánh có bánh + khung xe đạp phía trước (x≈325-360). L chỉ box khoang đỏ 367-427 nên hẹp bên trái; R box 327-457, cạnh phải có thể lấn sang đống gỗ sau lưng người lái xe máy. Bài học: box cả phần đầu xe ba bánh."
calib,C0,adasind_019560.jpg,L4,na,SPURIOUS,E1_annotator_error,P1,annotator,R04,"adasind_019560 box L4 (325,780)-(360,837)",keep_with_reason,v1.0.0,"L tách phần đầu xích lô thành một Bike riêng; theo R04 xe ba bánh chở người là một ThreeWheeler, không tách bánh trước. C0 đã khóa nên chỉ ghi nhận để áp dụng cho slice chính."
calib,C0,adasind_019560.jpg,L7,na,SPURIOUS,E5_unresolved,P2,guideline,R01;R05,"adasind_019560 box L7 (595,783)-(628,833), bị người áo vàng + xe đạp che",escalate,v1.0.0,"Xe máy đỗ sau người áo vàng: phần nhìn thấy cao ≈50px ≥ H=40 nên L box với occluded=true; R không có box. Chưa rõ R bỏ sót hay guideline ngầm bỏ vật bị che gần hết. Phép kiểm tiếp: đo lại chiều cao phần nhìn thấy, hỏi guideline có ngưỡng tỉ lệ che hay dùng unreadable."
r1_craft,B1-center,adasind_056040.jpg,L9,na,MISSING,,,,R03,submission/r1_craft/selfqc.md mục 4; người áo trắng x≈915-1080 y≈590-1300,,v1.0.0,Người đu bám bên hông xe ba bánh L9: chủ động không box riêng vì coi như người đi trên xe (R03). Luật chỉ nói người ngồi trong xe; chưa rõ người đứng/đu ngoài thân xe có tính Pedestrian không. Cần hỏi QA/guideline.
r1_craft,B1-center,adasind_006840.jpg,L11,na,WRONG_CLASS,,,,R04,"selfqc.md mục 3; box (301,818)-(360,886), bị người lái xe máy L8 che một phần",,v1.0.0,Xe trắng-vàng ở xa: gán ThreeWheeler vì thấy kính chắn gió + thân thấp giống auto nhìn từ trước; ảnh mờ nên chưa loại trừ minibus (Bus). Đánh dấu để QA soát class.
r1_craft,B1-center,adasind_006840.jpg,L5,na,BOX_GEOMETRY,,,,R02;R05,"prefill (73,838)-(91,879) → bản khóa (75,836)-(100,902)",,v1.0.0,"Box prefill chỉ phủ nửa trên người áo trắng đứng sau người lái L4; đã kéo xuống tới chân nhìn thấy, đặt occluded=true vì bị L4 che."
r1_craft,B1-center,adasind_006840.jpg,L4,na,BOX_GEOMETRY,,,,R03,"prefill Bike (93,826)-(136,933) → (91,804)-(138,938)",,v1.0.0,Prefill Bike không gồm đầu/vai người lái; theo R03 người lái + xe là một Bike nên box phải bao cả người lái.
r1_craft,B1-center,adasind_006840.jpg,L8,na,MISSING,,,,R01;R03,"box mới (257,806)-(323,947), cao 141px",,v1.0.0,Prefill thiếu người lái xe máy áo đen/xe đỏ ở giữa đường dù cao 141px ≥ H; đã thêm Bike.
r2_qa,B1-center,adasind_056040.jpg,L9,L_only,BOX_GEOMETRY,,P1,annotator,R02;R05,submission/screenshots/long-qa-056040.png; submission/r2_qa/qa_review.md,rework,v1.0.0,"QA-L01: box (597,528)-(1080,1200) có vẻ cắt phần thân/bệ xe dưới và dè bánh trái; soi vùng x≈570-1080 y≈1100-1350, chỉ bao phần nhìn thấy; không kéo theo bóng/blur. Đề xuất QA, chưa chốt tọa độ sửa."
r2_qa,B1-center,adasind_056040.jpg,L9/person_outside,L_only,MISSING,,,guideline,R03,submission/screenshots/long-qa-056040.png; submission/r2_qa/qa_review.md,escalate,v1.0.0,QA-L02: nghi vấn phạm vi người áo trắng bám ngoài xe; R03 chưa nói rõ. C phân xử có Pedestrian riêng và phạm vi box xe trước khi A sửa; chưa kết luận thiếu nhãn.
r2_qa,B1-center,adasind_006840.jpg,L11,L_only,WRONG_CLASS,,,guideline,R04,submission/screenshots/long-qa-006840.png; submission/r2_qa/qa_review.md,escalate,v1.0.0,"QA-L03: chưa xác minh ThreeWheeler/Bus/Car từ xe trắng-vàng bị L8 che. Cần phân xử bằng ảnh, không tự đổi theo màu. Đây là nghi vấn class, chưa kết luận nhãn sai."
r1_craft,B1-center,adasind_006840.jpg,L10,na,IGNORE_SCOPE,E5_unresolved,P0,guideline,R01;R06;R09,submission/r1_craft/compare.html; adasind_006840.jpg L10,escalate,v1.0.0,"L10 Car cao 44 px nằm trong ignore của R (không nằm trong ignore L). Đây là khác biệt phạm vi so sánh; chưa xóa box. D8 yêu cầu rà lý do unreadable trên ảnh, không sửa ignore theo chỉ số."
r1_craft,B1-center,adasind_006840.jpg,L1,na,SPURIOUS,E5_unresolved,P1,guideline,R01;R03,submission/r1_craft/compare.html; adasind_006840.jpg L1,escalate,v1.0.0,"L1 (366,822)-(392,922) sát hông xe ba bánh: phần người/chi tiết xe bị che, R không có. Chưa đủ căn cứ là người đi bộ độc lập; soi ảnh gốc và chính sách người ngoài xe D2, không xóa vì R thiếu."
r1_craft,B1-center,adasind_006840.jpg,L5+R7,na,BOX_GEOMETRY,E5_unresolved,P1,qa,R01;R02,submission/r1_craft/compare.html; adasind_006840.jpg L5+R7,escalate,v1.0.0,"Cùng vùng người nhưng L5 cao 66 px, R7 cao 41 px; compare gán BOX_GEOMETRY, local-quality tách FP/FN. Cần kiểm phần chân thuộc ai, giữ chờ D5."
r1_craft,B1-center,adasind_056040.jpg,L4,na,SPURIOUS,E5_unresolved,P1,guideline,R01;R03,submission/r1_craft/compare.html; adasind_056040.jpg L4,escalate,v1.0.0,"L4 Bike (214,785)-(246,852) trùng vùng người M4. Xe phía dưới bị che; chưa xác định rider hay người đứng/dắt xe. D6 yêu cầu soi vùng chân/xe trước đổi class hoặc xóa."
r1_craft,B1-center,adasind_056040.jpg,L6,na,SPURIOUS,E0_reference_defect,P1,qa,R01;R02,submission/r1_craft/compare.html; adasind_056040.jpg L6,escalate,v1.0.0,"Ảnh có mảng người áo hồng bên trái người áo đỏ L7; L6 cao 123 px, R3 chỉ bao người áo đỏ. Nghi reference thiếu người bị che; cần reviewer xác nhận hai identity và biên chân (D7), không xóa L6 để tăng precision."
r3_diag,B1-center,adasind_006840.jpg,L2+R1,LR_noM,MISSING,E4_model_domain,P1,ai_team,R04,submission/r3_diag/model_compare.html; adasind_006840.jpg L2+R1,keep_with_reason,v1.0.0,"L2/R1 là ThreeWheeler; model có M13 Car tại cùng xe. MISSING nghĩa không ghép cùng class, không phải model không thấy vùng xe. Giả thuyết lệch taxonomy; kiểm mapping trên thêm slice."
r3_diag,B1-center,adasind_006840.jpg,L11+R4,LR_noM,MISSING,E5_unresolved,P1,guideline,R04,submission/r3_diag/model_compare.html; adasind_006840.jpg L11+R4,escalate,v1.0.0,"L11/R4 ThreeWheeler nhưng M12 Bus; ảnh trắng-vàng nhỏ và bị che. Đồng thuận L/R chưa chứng minh class đúng. Giữ bản khóa, xin phân xử D3; không tự đổi class."
r3_diag,B1-center,adasind_006840.jpg,L9+R6,LR_noM,MISSING,E4_model_domain,P1,ai_team,R04,submission/r3_diag/model_compare.html; adasind_006840.jpg L9+R6,keep_with_reason,v1.0.0,Xe ba bánh có M8 Truck và M10 Car gần trùng vị trí. Không thiếu detection hình học; sai class và nhiều dự đoán cho một xe. Kiểm taxonomy/NMS trên mẫu bổ sung trước kết luận miền dữ liệu.
r3_diag,B1-center,adasind_006840.jpg,L1,L_only,SPURIOUS,E5_unresolved,P1,guideline,R01;R03,submission/r3_diag/model_compare.html; adasind_006840.jpg L1,escalate,v1.0.0,"L1 (366,822)-(392,922) sát hông xe ba bánh: phần người/chi tiết xe bị che, R không có. Chưa đủ căn cứ là người đi bộ độc lập; soi ảnh gốc và chính sách người ngoài xe D2, không xóa vì R thiếu."
r3_diag,B1-center,adasind_006840.jpg,L5,L_only,SPURIOUS,E5_unresolved,P1,qa,R01;R02,submission/r3_diag/model_compare.html; adasind_006840.jpg L5,escalate,v1.0.0,"L5 có thể cùng người R7 nhưng box cao 66 so với 41 px. IoU dưới 0.5 tách thành L_only/R_only; compare gán BOX_GEOMETRY. Cần xác định chân nhìn thấy có thuộc người này, không rút box chỉ để khớp R (D5)."
r3_diag,B1-center,adasind_006840.jpg,R7,R_only,MISSING,E5_unresolved,P1,qa,R01;R02,submission/r3_diag/model_compare.html; adasind_006840.jpg R7,escalate,v1.0.0,"R7 (73,838)-(91,879) có L5 cùng vùng nhưng không qua IoU 0.5. Không thêm người thứ hai; đối chiếu cùng ca D5 với L5."
r3_diag,B1-center,adasind_006840.jpg,M3,M_only,SPURIOUS,E4_model_domain,P1,ai_team,R03,submission/r3_diag/model_compare.html; adasind_006840.jpg M3,keep_with_reason,v1.0.0,M3 Pedestrian phủ người lái L4; M7 Bike phủ xe. Rule yêu cầu một Bike gồm rider. Lệch quy ước rider là giả thuyết cụ thể cần kiểm mapping model; giữ L4.
r3_diag,B1-center,adasind_006840.jpg,M6,M_only,SPURIOUS,E4_model_domain,P1,ai_team,R03,submission/r3_diag/model_compare.html; adasind_006840.jpg M6,keep_with_reason,v1.0.0,"M6 Pedestrian và M9 gần trùng phủ người lái L8; M5 phủ xe. Theo R03 không tạo Pedestrian rider riêng. Kiểm hậu xử lý và taxonomy, giữ L8."
r3_diag,B1-center,adasind_006840.jpg,M8,M_only,SPURIOUS,E4_model_domain,P1,ai_team,R04,submission/r3_diag/model_compare.html; adasind_006840.jpg M8,keep_with_reason,v1.0.0,"M8 Truck đè xe ba bánh L9/R6; còn M10 Car cùng vùng. Lỗi class theo luật lab, nghi mapping/đa dự đoán; không sửa L9 thành Truck."
r3_diag,B1-center,adasind_006840.jpg,M9,M_only,SPURIOUS,E4_model_domain,P1,ai_team,R03,submission/r3_diag/model_compare.html; adasind_006840.jpg M9,keep_with_reason,v1.0.0,M9 Pedestrian chồng M6 trên rider của L8; M5 là phần xe. Kiểm duplicate model và gộp rider theo R03; không tách nhãn học viên.
r3_diag,B1-center,adasind_006840.jpg,M10,M_only,SPURIOUS,E4_model_domain,P1,ai_team,R04,submission/r3_diag/model_compare.html; adasind_006840.jpg M10,keep_with_reason,v1.0.0,"M10 Car gần trùng M8 Truck trên L9 ThreeWheeler. SPURIOUS là kết quả ghép cùng class; không phải xe giả trong ảnh. Giữ L9, kiểm mapping/NMS."
r3_diag,B1-center,adasind_006840.jpg,M12,M_only,SPURIOUS,E5_unresolved,P1,guideline,R04,submission/r3_diag/model_compare.html; adasind_006840.jpg M12,escalate,v1.0.0,"M12 Bus trên L11/R4 ThreeWheeler, cùng ca D3. Không dùng model làm trọng tài; cần bằng chứng cấu trúc thân/bánh hoặc guideline owner."
r3_diag,B1-center,adasind_006840.jpg,M13,M_only,SPURIOUS,E4_model_domain,P1,ai_team,R04,submission/r3_diag/model_compare.html; adasind_006840.jpg M13,keep_with_reason,v1.0.0,"M13 Car bao xe ba bánh lớn L2/R1; hình thấy auto-rickshaw. Lỗi class so với R04; nghi miền/taxonomy, cần mẫu ngoài B1 để xác minh."
r3_diag,B1-center,adasind_036720.jpg,L1+R3,LR_noM,MISSING,E4_model_domain,P1,ai_team,R04,submission/r3_diag/model_compare.html; adasind_036720.jpg L1+R3,keep_with_reason,v1.0.0,Xe ba bánh đỗ lề L1/R3 được M4 gọi Car. MISSING do không ghép cùng class; giữ ThreeWheeler và rà mapping model.
r3_diag,B1-center,adasind_036720.jpg,L2+R4,LR_noM,MISSING,E4_model_domain,P1,ai_team,R03,submission/r3_diag/model_compare.html; adasind_036720.jpg L2+R4,keep_with_reason,v1.0.0,"Model tách rider M1 và hai box xe M2/M6. Bike gộp L2/R4 đúng R03; thiếu match còn do box model không bao người. Giữ nhãn, kiểm adapter rider."
r3_diag,B1-center,adasind_036720.jpg,L4+R1,LR_noM,MISSING,E5_unresolved,P1,ai_team,R02;R05,submission/r3_diag/model_compare.html; adasind_036720.jpg L4+R1,escalate,v1.0.0,Xe ba bánh lớn bị cắt biên phải L4/R1 không có detection M tương ứng. Méo/blur/che có thể góp phần nhưng chưa chứng minh domain shift; kiểm confidence và ảnh tương tự trước kết luận.
r3_diag,B1-center,adasind_036720.jpg,M1,M_only,SPURIOUS,E4_model_domain,P1,ai_team,R03,submission/r3_diag/model_compare.html; adasind_036720.jpg M1,keep_with_reason,v1.0.0,M1 Pedestrian là người ngồi trên xe L2; không Pedestrian riêng theo R03. Giữ Bike gộp.
r3_diag,B1-center,adasind_036720.jpg,M2,M_only,SPURIOUS,E4_model_domain,P1,ai_team,R03,submission/r3_diag/model_compare.html; adasind_036720.jpg M2,keep_with_reason,v1.0.0,"M2 chỉ bao phần xe của L2, thiếu người lái nên IoU thấp; chồng M6. Giữ L2; rà gộp rider và duplicate model."
r3_diag,B1-center,adasind_036720.jpg,M4,M_only,SPURIOUS,E4_model_domain,P1,ai_team,R04,submission/r3_diag/model_compare.html; adasind_036720.jpg M4,keep_with_reason,v1.0.0,M4 Car tại xe ba bánh L1/R3; lỗi taxonomy theo R04. Không thay nhãn đúng bằng model.
r3_diag,B1-center,adasind_036720.jpg,M6,M_only,SPURIOUS,E4_model_domain,P1,ai_team,R03,submission/r3_diag/model_compare.html; adasind_036720.jpg M6,keep_with_reason,v1.0.0,"M6 gần trùng M2, cùng phần xe L2; model tách rider. Kiểm hậu xử lý duplicate và quy ước một Bike."
r3_diag,B1-center,adasind_056040.jpg,L9+R5,LR_noM,MISSING,E5_unresolved,P1,ai_team,R02;R05,submission/r3_diag/model_compare.html; adasind_056040.jpg L9+R5,escalate,v1.0.0,"Model không có xe lớn L9/R5, ảnh bị blur và cắt mép. Chưa tách nguyên nhân mờ/méo/ngưỡng confidence. Riêng geometry L9 xử lý D4 theo ảnh, độc lập lỗi model."
r3_diag,B1-center,adasind_056040.jpg,L1+R2,LR_noM,MISSING,E4_model_domain,P1,ai_team,R03;R05,submission/r3_diag/model_compare.html; adasind_056040.jpg L1+R2,keep_with_reason,v1.0.0,Model M2 Pedestrian + M3 Bike tách rider/xe L1 bị cắt trái. Giữ Bike gộp và truncated=true; kiểm mapping rider.
r3_diag,B1-center,adasind_056040.jpg,L5+R4,LR_noM,MISSING,E4_model_domain,P1,ai_team,R04,submission/r3_diag/model_compare.html; adasind_056040.jpg L5+R4,keep_with_reason,v1.0.0,M5 Truck trên xe ba bánh L5/R4; vùng xe được phát hiện nhưng class không khớp. Giữ ThreeWheeler.
r3_diag,B1-center,adasind_056040.jpg,L4,L_only,SPURIOUS,E5_unresolved,P1,guideline,R01;R03,submission/r3_diag/model_compare.html; adasind_056040.jpg L4,escalate,v1.0.0,"L4 Bike (214,785)-(246,852) trùng vùng người M4. Xe phía dưới bị che; chưa xác định rider hay người đứng/dắt xe. D6 yêu cầu soi vùng chân/xe trước đổi class hoặc xóa."
r3_diag,B1-center,adasind_056040.jpg,L6,L_only,SPURIOUS,E0_reference_defect,P1,qa,R01;R02,submission/r3_diag/model_compare.html; adasind_056040.jpg L6,escalate,v1.0.0,"Ảnh có mảng người áo hồng bên trái người áo đỏ L7; L6 cao 123 px, R3 chỉ bao người áo đỏ. Nghi reference thiếu người bị che; cần reviewer xác nhận hai identity và biên chân (D7), không xóa L6 để tăng precision."
r3_diag,B1-center,adasind_056040.jpg,M2,M_only,SPURIOUS,E4_model_domain,P1,ai_team,R03,submission/r3_diag/model_compare.html; adasind_056040.jpg M2,keep_with_reason,v1.0.0,"M2 Pedestrian bao rider L1, M3 bao xe. Không tách rider theo R03; giữ Bike gộp."
r3_diag,B1-center,adasind_056040.jpg,M3,M_only,SPURIOUS,E4_model_domain,P1,ai_team,R03,submission/r3_diag/model_compare.html; adasind_056040.jpg M3,keep_with_reason,v1.0.0,"M3 chỉ bao xe của L1, thiếu phần người nên match không qua 0.5; không thiếu toàn bộ xe trong ảnh. Giữ L1."
r3_diag,B1-center,adasind_056040.jpg,M4,M_only,SPURIOUS,E5_unresolved,P1,guideline,R01;R03,submission/r3_diag/model_compare.html; adasind_056040.jpg M4,escalate,v1.0.0,"M4 Pedestrian chồng L4 Bike ở người nhỏ bị che; R không có. Model chưa phân xử được rider/người đứng. Cùng ca D6, giữ chờ bằng chứng."
r3_diag,B1-center,adasind_056040.jpg,M5,M_only,SPURIOUS,E4_model_domain,P1,ai_team,R04,submission/r3_diag/model_compare.html; adasind_056040.jpg M5,keep_with_reason,v1.0.0,"M5 Truck gần trùng xe ba bánh L5/R4; lỗi class theo rule lab, nghi mapping/taxonomy; giữ ThreeWheeler."
r3_diag,B1-center,adasind_056040.jpg,M9,M_only,SPURIOUS,E4_model_domain,P1,ai_team,R03,submission/r3_diag/model_compare.html; adasind_056040.jpg M9,keep_with_reason,v1.0.0,"M9 Bike chồng M8 tại xe của L3, model còn M11 Pedestrian rider. Giữ L3 gộp; rà duplicate/adapter trên thêm mẫu."
r3_diag,B1-center,adasind_056040.jpg,M11,M_only,SPURIOUS,E4_model_domain,P1,ai_team,R03,submission/r3_diag/model_compare.html; adasind_056040.jpg M11,keep_with_reason,v1.0.0,"M11 Pedestrian phủ rider L3, M8/M9 phủ xe; tách sai đơn vị theo R03. Giữ L3; kiểm taxonomy, không kết luận mọi lỗi là fisheye."
rework,B1-center,adasind_006840.jpg,L11+R4,na,WRONG_CLASS,E5_unresolved,P1,annotator,R04,rework/annotations-v2.xml (lock 8D7F-BEDD); screenshots/trung-diag-006840.png; D11,rework,v1.0.0,"A soát lại ảnh gốc: thân hình hộp, kính chắn gió rộng và cao gần bằng L9 cùng khoảng cách nên đổi ThreeWheeler → Bus (occluded=true do L8 che). Reference R4 vẫn là ThreeWheeler nên delta tính là chưa khớp; đây là bất đồng class chờ guideline, không coi model M12 Bus là bằng chứng."
rework,B1-center,adasind_056040.jpg,L6,na,SPURIOUS,E1_annotator_error,P1,annotator,R01;R02,rework/annotations-v2.xml; crop tăng tương phản vùng x 440-545 y 760-915; D12,rework,v1.0.0,"Soát lại: chỉ một đầu, dải hồng là phần sari vắt trái của người áo đỏ; hai chân sáng ở x≈465-490 và 515-535 thuộc cùng một người đang bước. Xóa L6 (box người thứ hai) và mở L7 thành (462,775)-(537,907) để phủ cả người theo ảnh."
rework,B1-center,adasind_006840.jpg,L7,na,BOX_GEOMETRY,E1_annotator_error,P2,annotator,R02,rework/annotations-v2.xml; crop mép trái x 0-60 y 800-930; D13,rework,v1.0.0,"A thu box người đội mũ trắng từ (18,829)-(40,906) về (19,827)-(32,904) để bám thân/mũ nhìn thấy. Sau sửa IoU với R9 dưới 0.5 nên delta edge matched 3→2; ghi giữ nguyên, B kiểm lại biên chân (x≈28-35) ở P5."
